{
  "Sigma_nom": [
    [
      1.0,
      0.0
    ],
    [
      0.0,
      1.0
    ]
  ],
  "baseline_cost": 6.1892784440665585,
  "optimizer_status": "CONVERGENCE: RELATIVE REDUCTION OF F <= FACTR*EPSMCH",
  "optimized_cost": 7.150480500092296,
  "spectral_radius_Acl": 0.9992836456476527,
  "controller": {
    "Ac": [
      [
        0.06974155367559205,
        -0.06886882816216239,
        -0.0001636041845709927,
        -7.061110794016702e-06,
        -5.616535205883551e-06,
        -1.5070745006238693e-05,
        -1.6822783578106096e-05
      ],
      [
        -0.20115067807879294,
        0.06132720861863023,
        0.0004484626045718351,
        2.602882048109092e-06,
        -2.131835647045388e-05,
        -1.815772544622692e-05,
        1.4917133408918427e-05
      ],
      [
        0.00010243097734203692,
        -1.2025693201177088e-05,
        -1.2525672475870307e-05,
        -3.9920556617672664e-06,
        -2.08462931567243e-06,
        -8.35586180495005e-07,
        2.73462769871525e-06
      ],
      [
        -2.1529252400943472e-05,
        5.54200128433795e-07,
        4.459219158867028e-06,
        1.996609126874335e-05,
        -2.1438081589040923e-05,
        -2.2202436164984157e-05,
        -1.1157451481315946e-05
      ],
      [
        6.330701748583762e-06,
        1.774933685719443e-05,
        -1.7076725278138072e-07,
        -1.0652644850161603e-05,
        2.208278641751541e-05,
        5.119630484145464e-06,
        -2.7753472274817957e-05
      ],
      [
        9.87781266930424e-06,
        1.8064205187111417e-05,
        6.084799384980217e-06,
        -1.709265983460382e-05,
        -2.3627087583920806e-06,
        -1.4254454626579897e-05,
        -1.0693705507904095e-05
      ],
      [
        -9.114041330913096e-06,
        -7.434285853007217e-06,
        1.1104080881501018e-05,
        2.5482465540384137e-05,
        5.966755346604289e-07,
        -5.200291733657278e-06,
        4.7521895725323796e-06
      ]
    ],
    "Bc": [
      [
        0.14260791612002566,
        -0.22113223016956424,
        -0.005307763192321268
      ],
      [
        -0.10194421277987215,
        0.0214836264543686,
        0.014250471888267873
      ],
      [
        0.00011589733800411906,
        0.0007647428024498129,
        0.09996860072697614
      ],
      [
        -1.9544811789121657e-05,
        6.0238354267107235e-06,
        -3.856580904834445e-05
      ],
      [
        -1.036310916818417e-05,
        -1.1039349328945787e-05,
        -2.967654896369952e-06
      ],
      [
        -1.1301956631409498e-05,
        -2.4912758561041493e-06,
        5.80022059651154e-06
      ],
      [
        1.8147053892271206e-06,
        -3.122333669768439e-05,
        -3.589689337249034e-05
      ]
    ],
    "Cc": [
      [
        0.06832086270096067,
        -0.2173604566887005,
        -0.005737373301354778,
        -8.451564525560215e-06,
        -2.8808957759767385e-05,
        -9.113259811537638e-06,
        9.294748899720335e-06
      ]
    ],
    "Dc": [
      [
        0.4295945070788618,
        0.03474879458417442,
        -0.0824049376342286
      ]
    ]
  },
  "plant": {
    "A": [
      [
        0.9998750083218434,
        1.2296418938663829e-05,
        3.0671453133950425e-07,
        -8.028526266540425e-06,
        -2.483603888415862e-07,
        -0.0012063352408121929,
        -2.458083047777936e-05
      ],
      [
        0.00012268581253580167,
        0.951612651024621,
        0.04841827599730255,
        -4.547416701305254e-10,
        -5.8682920727339615e-12,
        -0.0012045774776868827,
        -1.720662457945196e-05
      ],
      [
        0.0048415208851930475,
        -1.909539305420564,
        0.921205973698315,
        -2.4885551881917653e-08,
        -4.4737109528717156e-10,
        -0.046700680684612056,
        -0.0009636847335745555
      ],
      [
        9.93441555366345e-07,
        4.510563827088488e-12,
        5.86829207273397e-14,
        0.02046165720076587,
        0.03086882607064169,
        -9.730324870477287e-06,
        -1.5052863372159116e-07
      ],
      [
        3.086634247262157e-05,
        2.4604602834077313e-10,
        4.473710952871717e-12,
        -30.435427752858235,
        -0.018309588343960126,
        -0.0002936602334318248,
        -7.622923998375009e-06
      ],
      [
        0.0,
        0.0,
        0.0,
        0.0,
        0.0,
        0.9016725407003771,
        0.03449043208701959
      ],
      [
        0.0,
        0.0,
        0.0,
        0.0,
        0.0,
        -3.449043208701959,
        0.4188064914821027
      ]
    ],
    "Bw": [
      [
        0.002794954252042764,
        4.396534297314517e-08
      ],
      [
        0.010973927582773768,
        0.010973812599853486
      ],
      [
        0.4330730842760529,
        0.4330662259306353
      ],
      [
        0.00044430186203684287,
        0.0004443008481242727
      ],
      [
        0.013805014231510624,
        0.013804958696439384
      ],
      [
        0.0,
        0.0
      ],
      [
        0.0,
        0.0
      ]
    ],
    "Bu": [
      [
        -4.359173445161006e-05
      ],
      [
        -2.2383491521535603e-05
      ],
      [
        -0.001720662457945197
      ],
      [
        -2.049975541581283e-07
      ],
      [
        -1.5052863372159118e-05
      ],
      [
        0.09832745929962294
      ],
      [
        3.449043208701959
      ]
    ],
    "Cz": [
      [
        1.0,
        0.0,
        0.0,
        0.0,
        0.0,
        0.0,
        0.0
      ],
      [
        0.0,
        1.0,
        0.0,
        0.0,
        0.0,
        0.0,
        0.0
      ],
      [
        0.0,
        0.0,
        1.0,
        0.0,
        0.0,
        0.0,
        0.0
      ],
      [
        0.0,
        0.0,
        0.0,
        1.0,
        0.0,
        0.0,
        0.0
      ],
      [
        0.0,
        0.0,
        0.0,
        0.0,
        1.0,
        0.0,
        0.0
      ],
      [
        0.0,
        0.0,
        0.0,
        0.0,
        0.0,
        1.0,
        0.0
      ],
      [
        0.0,
        0.0,
        0.0,
        0.0,
        0.0,
        0.0,
        1.0
      ],
      [
        0.0,
        0.0,
        0.0,
        0.0,
        0.0,
        0.0,
        0.0
      ]
    ],
    "Dzw": [
      [
        0.0,
        0.0
      ],
      [
        0.0,
        0.0
      ],
      [
        0.0,
        0.0
      ],
      [
        0.0,
        0.0
      ],
      [
        0.0,
        0.0
      ],
      [
        0.0,
        0.0
      ],
      [
        0.0,
        0.0
      ],
      [
        0.0,
        0.0
      ]
    ],
    "Dzu": [
      [
        0.0
      ],
      [
        0.0
      ],
      [
        0.0
      ],
      [
        0.0
      ],
      [
        0.0
      ],
      [
        0.0
      ],
      [
        0.0
      ],
      [
        1.0
      ]
    ],
    "Cy": [
      [
        1.0,
        0.0,
        0.0,
        0.0,
        0.0,
        0.0,
        0.0
      ],
      [
        0.0,
        0.0,
        1.0,
        0.0,
        0.0,
        0.0,
        0.0
      ],
      [
        0.0,
        0.0,
        0.0,
        0.0,
        1.0,
        0.0,
        0.0
      ]
    ],
    "Dyw": [
      [
        0.0,
        0.0
      ],
      [
        0.0,
        0.0
      ],
      [
        0.0,
        0.0
      ]
    ]
  },