{
  "meta": {
    "model": "correlated",
    "status": "optimal_inaccurate",
    "objective": 0.2604889300210408,
    "gamma": 0.5,
    "lambda_opt": 0.347056325701057,
    "spectral_radius_Acl": 0.9449017754553497
  },
  "disturbance": {
    "Sigma_nom": [
      [
        0.5,
        0.0
      ],
      [
        0.0,
        0.5
      ]
    ]
  },
  "recovered_controller": {
    "Ac": [
      [
        -0.2719276694238549,
        0.09077358929541827,
        -0.03470364551841892,
        0.0713238238654958
      ],
      [
        0.19170233702842546,
        0.1035306510174955,
        -0.01202352692617774,
        0.0013104379091423762
      ],
      [
        -0.6726327127909175,
        -0.7133947735424337,
        0.82056699019507,
        0.049564227879695236
      ],
      [
        -1.494546222392481,
        -0.3146835595759509,
        0.05171057386269862,
        0.8433241321512615
      ]
    ],
    "Bc": [
      [
        0.0,
        0.0
      ],
      [
        0.0,
        0.0
      ],
      [
        0.0,
        0.0
      ],
      [
        0.0,
        0.0
      ]
    ],
    "Cc": [
      [
        0.08849295957915912,
        -0.5557878192398523,
        0.0,
        0.0
      ],
      [
        1.0486047881727887,
        0.3760935345151657,
        0.0,
        0.0
      ]
    ],
    "Dc": [
      [
        0.0,
        0.0
      ],
      [
        0.0,
        0.0
      ]
    ]
  },
  "plant": {
    "A": [
      [
        0.7991346625009688,
        -0.0031820680909874703,
        -0.03470364551775382,
        0.07132382386547761
      ],
      [
        0.002718632484538389,
        0.8364901583844444,
        -0.012023526926496352,
        0.0013104379090166842
      ],
      [
        -0.021174161515392483,
        -0.007715487025160865,
        0.820566990195192,
        0.04956422787972128
      ],
      [
        0.06966806673011217,
        0.009102309738666974,
        0.051710573862770344,
        0.8433241321511913
      ]
    ],
    "Bw": [
      [
        0.02006525322508483,
        -0.036347779229386847
      ],
      [
        -0.05461861955543194,
        0.026644093243664044
      ],
      [
        -0.08233236919709602,
        -0.0376889382895641
      ],
      [
        0.01135939363813909,
        -0.0808519032333798
      ]
    ],
    "Bu": [
      [
        -0.094748127224384,
        -0.3421850776267239
      ],
      [
        0.6172612379185065,
        -0.07489008318896363
      ],
      [
        -0.2054742703072039,
        -0.17497268010242786
      ],
      [
        0.26457923552221696,
        0.1798238309453895
      ]
    ],
    "Cz": [
      [
        1.0,
        0.0,
        0.0,
        0.0
      ],
      [
        0.0,
        1.0,
        0.0,
        0.0
      ],
      [
        0.0,
        0.0,
        0.5477225575051661,
        0.0
      ],
      [
        0.0,
        0.0,
        0.0,
        0.31622776601683794
      ],
      [
        0.0,
        0.0,
        0.0,
        0.0
      ],
      [
        0.0,
        0.0,
        0.0,
        0.0
      ]
    ],
    "Dzw": [
      [
        0.0,
        0.0
      ],
      [
        0.0,
        0.0
      ],
      [
        0.0,
        0.0
      ],
      [
        0.0,
        0.0
      ],
      [
        0.0,
        0.0
      ],
      [
        0.0,
        0.0
      ]
    ],
    "Dzu": [
      [
        0.0,
        0.0
      ],
      [
        0.0,
        0.0
      ],
      [
        0.0,
        0.0
      ],
      [
        0.0,
        0.0
      ],
      [
        0.31622776601683794,
        0.0
      ],
      [
        0.0,
        0.31622776601683794
      ]
    ],
    "Cy": [
      [
        1.0,
        0.0,
        0.0,
        0.0
      ],
      [
        0.0,
        1.0,
        0.0,
        0.0
      ]
    ],
    "Dyw": [
      [
        0.0,
        0.0
      ],
      [
        0.0,
        0.0
      ]
    ]
  },
  "dro_variables": {
    "Q": [
      [
        0.1751184792321139,
        0.01779176983096668
      ],
      [
        0.01779176983096668,
        0.17013070899780203
      ]
    ],
    "X": [
      [
        2.397525283972677,
        -0.0478698140278245,
        -0.8530612006459988,
        0.2984453942490149
      ],
      [
        -0.0478698140278245,
        1.7396658206414137,
        0.0580982351504175,
        -0.31661001650434795
      ],
      [
        -0.8530612006459988,
        0.0580982351504175,
        1.9381686708684664,
        0.31853244704648254
      ],
      [
        0.2984453942490149,
        -0.31661001650434795,
        0.31853244704648254,
        0.997709553319672
      ]
    ],
    "Y": [
      [
        0.637663088268339,
        0.053126294953341265,
        0.2612062119891,
        -0.35140818966473314
      ],
      [
        0.053126294953341265,
        0.7367985038702074,
        -0.10883772461664544,
        0.1508546895970437
      ],
      [
        0.2612062119891,
        -0.10883772461664544,
        0.7212126078863957,
        -0.32406783722201016
      ],
      [
        -0.35140818966473314,
        0.1508546895970437,
        -0.32406783722201016,
        1.3726660393713668
      ]
    ],
    "K": [
      [
        0.49091773302412084,
        -0.021376844795958406,
        -0.17702438296523298,
        0.20376288710238394
      ],
      [
        -0.032131781157418667,
        0.40202235392218555,
        0.038569770983113434,
        -0.05968789493187561
      ],
      [
        -0.055488791383874296,
        0.009447761327340504,
        0.8000566402050487,
        0.051715454653904674
      ],
      [
        -0.01585397011175679,
        -0.0004481489614055544,
        -0.003934929287760978,
        0.8906303071686376
      ]
    ],
    "L": [
      [
        -0.47693524325348496,
        -0.06424831417336378
      ],
      [
        0.08648774068160009,
        -0.4876297288926815
      ],
      [
        -0.12942504207859062,
        -0.022046757550003706
      ],
      [
        -0.08941016730389598,
        -0.03142596614945976
      ]
    ],
    "M": [
      [
        -0.0074512521113775125,
        -0.4719550663046852,
        0.05263434806524433,
        -0.05479727214960095
      ],
      [
        0.5479308730208785,
        0.23968703520636903,
        0.2067784305745021,
        0.008874833309961857
      ]
    ],
    "N": [
      [
        0.08849296842845507,
        -0.5557878748186342
      ],
      [
        1.0486048930332674,
        0.3760935721245191
      ]
    ],
    "Pbar": [
      [
        0.637663088268339,
        0.053126294953341265,
        0.2612062119891,
        -0.35140818966473314,
        1.0,
        0.0,
        0.0,
        0.0
      ],
      [
        0.053126294953341265,
        0.7367985038702074,
        -0.10883772461664544,
        0.1508546895970437,
        0.0,
        1.0,
        0.0,
        0.0
      ],
      [
        0.2612062119891,
        -0.10883772461664544,
        0.7212126078863957,
        -0.32406783722201016,
        0.0,
        0.0,
        1.0,
        0.0
      ],
      [
        -0.35140818966473314,
        0.1508546895970437,
        -0.32406783722201016,
        1.3726660393713668,
        0.0,
        0.0,
        0.0,
        1.0
      ],
      [
        1.0,
        0.0,
        0.0,
        0.0,
        2.397525283972677,
        -0.0478698140278245,
        -0.8530612006459988,
        0.2984453942490149
      ],
      [
        0.0,
        1.0,
        0.0,
        0.0,
        -0.0478698140278245,
        1.7396658206414137,
        0.0580982351504175,
        -0.31661001650434795
      ],
      [
        0.0,
        0.0,
        1.0,
        0.0,
        -0.8530612006459988,
        0.0580982351504175,
        1.9381686708684664,
        0.31853244704648254
      ],
      [
        0.0,
        0.0,
        0.0,
        1.0,
        0.2984453942490149,
        -0.31661001650434795,
        0.31853244704648254,
        0.997709553319672
      ]
    ],