run,rho_MBD,rho_DDD
1,0.9996466200108094,0.9999390209929055
2,0.9996466200108094,0.9989421931927774
3,,
4,,
5,,
6,,
7,,
8,,
9,,
10,,
11,,
12,,
13,,
14,,
15,,
