run,lambda_MBD,lambda_DDD
1,19.176101816529012,1504.2220336642745
2,19.176101816529012,1842.4470517226364
3,,
4,,
5,,
6,,
7,,
8,,
9,,
10,,
11,,
12,,
13,,
14,,
15,,
