run,cost_MBD,cost_DDD
1,4.406212245402949,37.54542069198598
2,9.653420392731135,12.645445847533905
3,,
4,,
5,,
6,,
7,,
8,,
9,,
10,,
11,,
12,,
13,,
14,,
15,,
