run,time_MBD,time_DDD
1,0.8685034000000087,22.816909099999975
2,0.46225030000005063,25.540721200000007
3,,
4,,
5,,
6,,
7,,
8,,
9,,
10,,
11,,
12,,
13,,
14,,
15,,
