run,stress_MBD,stress_DDD
1,0.9714987874543629,0.9539252185564443
2,1.656299628145003,0.9445700382180278
3,,
4,,
5,,
6,,
7,,
8,,
9,,
10,,
11,,
12,,
13,,
14,,
15,,
