{
  "Sigma_nom": [
    [
      1.0,
      0.0
    ],
    [
      0.0,
      1.0
    ]
  ],
  "baseline_cost": 0.03559835110424686,
  "optimizer_status": "CONVERGENCE: RELATIVE REDUCTION OF F <= FACTR*EPSMCH",
  "optimized_cost": 0.02232720677854359,
  "spectral_radius_Acl": 0.8879023701944097,
  "controller": {
    "Ac": [
      [
        0.7842802866827356,
        -0.031405706222535607,
        0.0,
        0.0
      ],
      [
        -0.2973788778325779,
        0.8879605998108254,
        0.0,
        0.0
      ],
      [
        0.0,
        0.0,
        0.0,
        0.0
      ],
      [
        0.0,
        0.0,
        0.0,
        0.0
      ]
    ],
    "Bc": [
      [
        -0.05768237816300649,
        -0.41742847198134403
      ],
      [
        0.703963257010439,
        0.3174480848496626
      ],
      [
        0.0,
        0.0
      ],
      [
        0.0,
        0.0
      ]
    ],
    "Cc": [
      [
        -0.34795780405428817,
        0.05683358755132879,
        0.0,
        0.0
      ],
      [
        -0.5204991672147204,
        0.7577031046589878,
        0.0,
        0.0
      ]
    ],
    "Dc": [
      [
        0.31870981786490066,
        -0.8008189158024777
      ],
      [
        2.0488816741239577,
        0.715159063612142
      ]
    ]
  },
  "plant": {
    "A": [
      [
        0.7991346625009688,
        -0.0031820680909874703,
        -0.03470364551775382,
        0.07132382386547761
      ],
      [
        0.002718632484538389,
        0.8364901583844444,
        -0.012023526926496352,
        0.0013104379090166842
      ],
      [
        -0.021174161515392483,
        -0.007715487025160865,
        0.820566990195192,
        0.04956422787972128
      ],
      [
        0.06966806673011217,
        0.009102309738666974,
        0.051710573862770344,
        0.8433241321511913
      ]
    ],
    "Bw": [
      [
        0.02006525322508483,
        -0.036347779229386847
      ],
      [
        -0.05461861955543194,
        0.026644093243664044
      ],
      [
        -0.08233236919709602,
        -0.0376889382895641
      ],
      [
        0.01135939363813909,
        -0.0808519032333798
      ]
    ],
    "Bu": [
      [
        -0.094748127224384,
        -0.3421850776267239
      ],
      [
        0.6172612379185065,
        -0.07489008318896363
      ],
      [
        -0.2054742703072039,
        -0.17497268010242786
      ],
      [
        0.26457923552221696,
        0.1798238309453895
      ]
    ],
    "Cz": [
      [
        1.0,
        0.0,
        0.0,
        0.0
      ],
      [
        0.0,
        1.0,
        0.0,
        0.0
      ],
      [
        0.0,
        0.0,
        0.5477225575051661,
        0.0
      ],
      [
        0.0,
        0.0,
        0.0,
        0.31622776601683794
      ],
      [
        0.0,
        0.0,
        0.0,
        0.0
      ],
      [
        0.0,
        0.0,
        0.0,
        0.0
      ]
    ],
    "Dzw": [
      [
        0.0,
        0.0
      ],
      [
        0.0,
        0.0
      ],
      [
        0.0,
        0.0
      ],
      [
        0.0,
        0.0
      ],
      [
        0.0,
        0.0
      ],
      [
        0.0,
        0.0
      ]
    ],
    "Dzu": [
      [
        0.0,
        0.0
      ],
      [
        0.0,
        0.0
      ],
      [
        0.0,
        0.0
      ],
      [
        0.0,
        0.0
      ],
      [
        0.31622776601683794,
        0.0
      ],
      [
        0.0,
        0.31622776601683794
      ]
    ],
    "Cy": [
      [
        1.0,
        0.0,
        0.0,
        0.0
      ],
      [
        0.0,
        1.0,
        0.0,
        0.0
      ]
    ],
    "Dyw": [
      [
        0.0,
        0.0
      ],
      [
        0.0,
        0.0
      ]
    ]
  }
}