{
  "Sigma_nom": [
    [
      1.0,
      0.0
    ],
    [
      0.0,
      1.0
    ]
  ],
  "baseline_cost": 13.918429093766129,
  "optimizer_status": "CONVERGENCE: RELATIVE REDUCTION OF F <= FACTR*EPSMCH",
  "optimized_cost": 5.901907316157042,
  "spectral_radius_Acl": 0.9978545461030428,
  "controller": {
    "Ac": [
      [
        0.55785011342756,
        -0.21766223041182883,
        0.3987508734883045,
        -1.2704704557225666e-05,
        -1.1134678107692704e-05,
        -3.653721079143907e-05,
        1.4776955866155225e-05
      ],
      [
        -0.10757755301031588,
        0.1283236413814901,
        -0.15490594148448758,
        7.888584461694279e-06,
        -1.5954017884626165e-06,
        1.4277853086756874e-05,
        1.8936483662048596e-05
      ],
      [
        0.3135648956493086,
        -0.21455566104393026,
        0.2941334590540941,
        -1.609386377490066e-06,
        -5.444063196110838e-06,
        -2.433700670818258e-05,
        -5.451150184614747e-06
      ],
      [
        -1.5885157815840174e-05,
        4.607067452901967e-06,
        -1.2214794670074123e-05,
        6.351327626192342e-06,
        -1.0296275107999355e-06,
        4.9446224190565125e-06,
        4.3932331505680277e-07
      ],
      [
        -1.9125587496895232e-05,
        5.4208844649253475e-06,
        -8.69938815539325e-06,
        1.8659340215563406e-06,
        3.3799261793801757e-06,
        2.7293420883422492e-06,
        3.8520259533215466e-06
      ],
      [
        -2.701314299300479e-05,
        1.0752915996550254e-05,
        -2.5064004895125913e-05,
        2.535229344415575e-06,
        1.6684023393200994e-06,
        -2.748508241549238e-06,
        -1.91610045709897e-06
      ],
      [
        1.5243506150690133e-05,
        1.0524025156020234e-06,
        8.836730597392944e-07,
        -1.757844725912856e-08,
        -1.1496778278794496e-05,
        1.4269487181712859e-05,
        1.7347787279212855e-06
      ]
    ],
    "Bc": [
      [
        0.12900325288591913,
        -0.33152345750092627,
        0.2280236325407603
      ],
      [
        -0.06890566387551467,
        0.16859938124094426,
        0.09989915212204249
      ],
      [
        0.06867977758360877,
        -0.07851446432128775,
        -0.019670312956577368
      ],
      [
        5.01841909282843e-07,
        -4.2728448924444625e-06,
        7.310331962635457e-07
      ],
      [
        3.924964910227871e-06,
        1.3675288431475986e-06,
        1.3754819117830577e-06
      ],
      [
        8.401217457301044e-07,
        4.901183800526146e-06,
        -2.697414847180618e-06
      ],
      [
        -1.8085436201527547e-06,
        9.033740828329483e-06,
        2.7876740803319897e-05
      ]
    ],
    "Cc": [
      [
        0.058839676059453,
        -0.2601009481576259,
        0.2616113735388784,
        3.8015968228686275e-06,
        6.384555717730014e-07,
        -1.8832262732992003e-06,
        1.5070023340953527e-05
      ]
    ],
    "Dc": [
      [
        0.31205607908716737,
        -0.8470360532937198,
        0.0769908513085344
      ]
    ]
  },
  "plant": {
    "A": [
      [
        1.0004246372511294,
        0.0014212127838775493,
        9.994423058084903e-05,
        0.03341387506040457,
        -8.323890105013542e-06,
        -0.0011436609255062824,
        0.00020855039419157592
      ],
      [
        0.0022042811795564216,
        0.9614638176192347,
        0.04908994103406438,
        0.26067678165030683,
        0.00089046329243486,
        -0.002126504541333941,
        0.00043413365288972347
      ],
      [
        0.0869892360036143,
        -1.5207755334068112,
        0.9477123813930391,
        10.287273592381078,
        0.03514088639591025,
        -0.083083196768197,
        0.016848021970734345
      ],
      [
        8.527107329392337e-05,
        0.0003988461546665354,
        2.719383062962979e-05,
        0.031015518514832856,
        0.030904878047718645,
        -4.7056809337462755e-05,
        1.812275722640033e-05
      ],
      [
        0.002649445259734596,
        0.012392502999602742,
        0.0008449346720056276,
        -30.10718311257312,
        -0.01718908989369669,
        -0.001453448950242572,
        0.000560136491380603
      ],
      [
        -1.162945387395974e-11,
        -3.762163287608741e-12,
        -1.8411122983158796e-11,
        2.1834569442598475e-11,
        -8.58419316032287e-11,
        0.9016725306594332,
        0.03449043067556998
      ],
      [
        2.6656123444361395e-10,
        -1.0251035373433736e-09,
        1.3792231578145725e-10,
        -1.1875507692943723e-08,
        7.85144368421838e-10,
        -3.4490431194045446,
        0.41880651180144857
      ]
    ],
    "Bw": [
      [
        -0.001711008061336371,
        -0.002016427168304814
      ],
      [
        -0.01381527026411994,
        2.023929910905257e-07
      ],
      [
        -0.5452018146934225,
        6.312852551744131e-06
      ],
      [
        -0.0005593417763471146,
        1.0821531065047795e-08
      ],
      [
        -0.017379432624794196,
        3.1890029312630964e-07
      ],
      [
        -9.335917449629536e-19,
        -1.9762645539807056e-18
      ],
      [
        -5.307845366461424e-17,
        4.717574106833864e-17
      ]
    ],
    "Bu": [
      [
        -0.0017272646342263252
      ],
      [
        -0.006101946451273117
      ],
      [
        -0.2416435317773576
      ],
      [
        -0.0002463483889893669
      ],
      [
        -0.007662938987702869
      ],
      [
        0.09832746900363037
      ],
      [
        3.449043069292371
      ]
    ],
    "Cz": [
      [
        0.9999999980834741,
        6.100567470296907e-11,
        -1.4076124648576963e-12,
        1.060162511574584e-09,
        -5.0794693364177065e-12,
        -1.9114745106426394e-11,
        -5.078330107822606e-12
      ],
      [
        6.100570943927942e-11,
        0.9999999990671384,
        2.919408056965937e-14,
        4.426961273394399e-09,
        -1.0676708058972419e-12,
        2.4245095032566294e-11,
        5.390132093658672e-11
      ],
      [
        -1.4075715266601476e-12,
        2.937960125092797e-14,
        0.9999999999698826,
        3.5790697189303246e-10,
        -2.1140120585145168e-12,
        -2.2292999696445764e-11,
        -2.212144034105566e-12
      ],
      [
        1.0599655145997227e-09,
        4.426745827315697e-09,
        3.5836060235743143e-10,
        0.9999894962974902,
        -1.005375212020053e-08,
        3.52535856685036e-10,
        5.023023409568656e-10
      ],
      [
        -5.079673354229931e-12,
        -1.067840856322142e-12,
        -2.113592494028534e-12,
        -1.0053817581552393e-08,
        0.9999999886688199,
        -1.0766174206397051e-10,
        -2.4846434402502835e-11
      ],
      [
        -1.9114588242184872e-11,
        2.4245209537753112e-11,
        -2.2293342352252707e-11,
        3.5258516677216874e-10,
        -1.0766167369388334e-10,
        0.9999999874578129,
        -1.97378350253266e-09
      ],
      [
        -5.078251116691333e-12,
        5.390130635852189e-11,
        -2.2122641142636097e-12,
        5.023871105584658e-10,
        -2.484632931020263e-11,
        -1.973780351421481e-09,
        0.9999999992486083
      ],
      [
        5.879101782032406e-11,
        -2.794999752601291e-10,
        1.796502433492724e-11,
        -3.1847378453789684e-09,
        1.2296491206924122e-10,
        1.3587995120504329e-08,
        4.00876119935914e-09
      ]
    ],