{
  "Sigma_eff": [
    [
      1.0,
      0.0
    ],
    [
      0.0,
      1.0
    ]
  ],
  "baseline_cost": 0.11678197768647972,
  "optimizer_status": "CONVERGENCE: RELATIVE REDUCTION OF F <= FACTR*EPSMCH",
  "optimized_cost": 0.034512236935231776,
  "spectral_radius_Acl": 0.8814611809842872,
  "controller": {
    "Ac": [
      [
        0.0005000550619561418,
        -0.0009991393895311884,
        0.0,
        0.0
      ],
      [
        -0.00019477996060076998,
        0.0016561372097554786,
        0.0,
        0.0
      ],
      [
        0.0,
        0.0,
        0.0,
        0.0
      ],
      [
        0.0,
        0.0,
        0.0,
        0.0
      ]
    ],
    "Bc": [
      [
        0.03350952999199427,
        -0.021853587484884467
      ],
      [
        0.009455165168456634,
        0.06209758142094891
      ],
      [
        0.0,
        0.0
      ],
      [
        0.0,
        0.0
      ]
    ],
    "Cc": [
      [
        0.044670511163322234,
        -0.02890014464518846,
        0.0,
        0.0
      ],
      [
        0.001665285923569823,
        0.051721518596022774,
        0.0,
        0.0
      ]
    ],
    "Dc": [
      [
        -1.7085973037648587,
        -0.3521775400736109
      ],
      [
        -0.15047192764251913,
        -1.4647173719158257
      ]
    ]
  },
  "plant": {
    "A": [
      [
        0.9093947653847225,
        0.1050636294768617,
        -0.06244222631006917,
        -0.1399442526232812
      ],
      [
        0.004138627534933553,
        0.8549759727441851,
        0.10629626322619784,
        0.08019317618335084
      ],
      [
        1.194829064073838e-08,
        -6.716229044266553e-10,
        0.8599999267818559,
        0.09999985375609503
      ],
      [
        1.7197379223801712e-08,
        1.4369779656551313e-08,
        -1.1061341595713231e-07,
        0.839999721033832
      ]
    ],
    "Bw": [
      [
        0.05293360206247441,
        -0.0852439675801073
      ],
      [
        -0.08657290619916543,
        -0.05212104405656846
      ],
      [
        -1.205299044706964e-16,
        7.493602650953836e-17
      ],
      [
        -1.7253878968560263e-16,
        1.544009562757134e-16
      ]
    ],
    "Bu": [
      [
        0.3065737823556826,
        -0.0007845277964500675
      ],
      [
        -0.009962670753115549,
        0.3032720539224394
      ],
      [
        0.10000000747694121,
        -0.19999999847962407
      ],
      [
        1.2180926684793227e-08,
        0.10000000443387064
      ]
    ],
    "Cz": [
      [
        1.0,
        0.0,
        0.0,
        0.0
      ],
      [
        0.0,
        1.0,
        0.0,
        0.0
      ],
      [
        0.0,
        0.0,
        0.5477225575051661,
        0.0
      ],
      [
        0.0,
        0.0,
        0.0,
        0.31622776601683794
      ],
      [
        0.0,
        0.0,
        0.0,
        0.0
      ],
      [
        0.0,
        0.0,
        0.0,
        0.0
      ]
    ],
    "Dzw": [
      [
        0.0,
        0.0
      ],
      [
        0.0,
        0.0
      ],
      [
        0.0,
        0.0
      ],
      [
        0.0,
        0.0
      ],
      [
        0.0,
        0.0
      ],
      [
        0.0,
        0.0
      ]
    ],
    "Dzu": [
      [
        0.0,
        0.0
      ],
      [
        0.0,
        0.0
      ],
      [
        0.0,
        0.0
      ],
      [
        0.0,
        0.0
      ],
      [
        0.31622776601683794,
        0.0
      ],
      [
        0.0,
        0.31622776601683794
      ]
    ],
    "Cy": [
      [
        1.0,
        0.0,
        0.0,
        0.0
      ],
      [
        0.0,
        1.0,
        0.0,
        0.0
      ]
    ],
    "Dyw": [
      [
        0.0,
        0.0
      ],
      [
        0.0,
        0.0
      ]
    ]
  }
}