{
  "meta": {
    "model": "correlated",
    "status": "optimal_inaccurate",
    "objective": 2.26553448118863,
    "gamma": 0.2,
    "lambda_opt": 10.387425281016819,
    "spectral_radius_Acl": 0.9862718231770017
  },
  "disturbance": {
    "Sigma_nom": [
      [
        0.5,
        0.0
      ],
      [
        0.0,
        0.5
      ]
    ]
  },
  "recovered_controller": {
    "Ac": [
      [
        0.6549692172789929,
        0.4259248573247221,
        -0.1183140925519875,
        -0.02941745313380529
      ],
      [
        0.2863001722399467,
        0.6171525796027854,
        0.1230501171371691,
        0.033254935277458444
      ],
      [
        -0.05045695666974771,
        0.09834095543920252,
        0.5887473187812562,
        0.10990001834908082
      ],
      [
        0.05662870357477506,
        -0.09273617618942485,
        0.22886321352851136,
        0.8750694471840956
      ]
    ],
    "Bc": [
      [
        -2.2164085201359467,
        -3.1706964936822737
      ],
      [
        1.9504819468421402,
        2.801495666459075
      ],
      [
        -0.7256983046107365,
        -0.8756782239442067
      ],
      [
        0.6844321942366588,
        0.876915994810436
      ]
    ],
    "Cc": [
      [
        6.4855751646350726,
        -0.05226762098335687,
        1.994302960055145,
        -0.2893856884644969
      ],
      [
        -7.731262283717952,
        -1.3475480340050077,
        5.950993243144511,
        0.9960137806207039
      ]
    ],
    "Dc": [
      [
        -0.43614502712955433,
        0.9614461085215688
      ],
      [
        -1.6661011094757907,
        0.8922730999941302
      ]
    ]
  },
  "plant": {
    "A": [
      [
        0.95,
        0.1,
        0.0,
        0.0
      ],
      [
        0.0,
        0.92,
        0.1,
        0.0
      ],
      [
        0.0,
        0.0,
        0.9,
        0.1
      ],
      [
        0.0,
        0.0,
        0.0,
        0.88
      ]
    ],
    "Bw": [
      [
        -0.14766195556539888,
        -0.18614246994598213
      ],
      [
        0.14695261505555945,
        0.10706610244801822
      ],
      [
        0.03162427469936956,
        -0.2791404134124614
      ],
      [
        -0.008775546738982046,
        0.20859095833748634
      ]
    ],
    "Bu": [
      [
        0.00036904600724477226,
        0.08962366125254097
      ],
      [
        -0.08224135660866527,
        -0.26717755162718226
      ],
      [
        -0.13640123555151676,
        -0.2974939664989387
      ],
      [
        0.018043080779231543,
        0.40206457366636006
      ]
    ],
    "Cz": [
      [
        -0.672107273642541,
        -0.22880788052010909,
        -0.950611369900422,
        -0.644768869892488
      ],
      [
        -0.9208675188958662,
        -0.11754556553734063,
        -0.6337232407218516,
        0.13563217941085076
      ],
      [
        0.07837554331211258,
        -0.09346547231497719,
        -1.2583798554102565,
        -0.2693464479233183
      ]
    ],
    "Dzw": [
      [
        0.21217972467721574,
        -0.1615069350663793
      ],
      [
        -0.00650434098910412,
        0.1768779734766348
      ],
      [
        -0.1167200865486604,
        -0.02234038991683193
      ]
    ],
    "Dzu": [
      [
        -0.009700189080214397,
        0.022661797200661513
      ],
      [
        -0.30602715310107875,
        -0.09555065520678613
      ],
      [
        -0.1957038156113279,
        -0.16176744788511987
      ]
    ],
    "Cy": [
      [
        0.055232071624740295,
        0.03189088712753098,
        -0.6125279132088467,
        0.03807011518850405
      ],
      [
        0.6794117108707688,
        -0.7735723390642412,
        0.4296913440107991,
        0.05967701284829062
      ]
    ],
    "Dyw": [
      [
        -0.12829407882144428,
        0.40008330926848457
      ],
      [
        0.15245194241694238,
        -0.23985778042104466
      ]
    ]
  },
  "dro_variables": {
    "Q": [
      [
        1.254784892879708,
        0.6745889665017482
      ],
      [
        0.6745889665017482,
        2.4215097191753334
      ]
    ],
    "X": [
      [
        449.6253602543937,
        464.1658790418965,
        -27.048593082457877,
        92.82372712995051
      ],
      [
        464.1658790418965,
        517.3181304363553,
        -40.57583624400673,
        34.07848929861503
      ],
      [
        -27.048593082457877,
        -40.57583624400673,
        472.50418425577885,
        408.8997090806124
      ],
      [
        92.82372712995051,
        34.07848929861503,
        408.8997090806124,
        625.1551658004914
      ]
    ],
    "Y": [
      [
        0.39020689336812253,
        -0.5937335332433719,
        -0.40537040274576186,
        0.7156148170724236
      ],
      [
        -0.5937335332433719,
        1.1261174476268379,
        0.5435902016720902,
        -0.879123623711815
      ],
      [
        -0.40537040274576186,
        0.5435902016720902,
        1.1190842780802865,
        -2.1610048869251446
      ],
      [
        0.7156148170724236,
        -0.879123623711815,
        -2.1610048869251446,
        4.506436746167493
      ]
    ],
    "K": [
      [
        0.47194771514382605,
        0.7723722144258723,
        1.6444132540643202,
        -3.4495798496696333
      ],
      [
        0.37338060323687877,
        0.6116270417840495,
        0.22757007173702368,
        -0.4589660873235318
      ],
      [
        -1.1624030909222838,
        1.0496789439414078,
        -2.5153547466482458,
        5.778539230048738
      ],
      [
        -0.06314689353716091,
        0.034079434156787214,
        0.003994160204859984,
        0.632891633068848
      ]
    ],
    "L": [
      [
        27.99748778294178,
        10.289691070141918
      ],
      [
        50.652643022225355,
        18.79239578545193
      ],
      [
        73.80245188935405,
        -13.394797262066653
      ],
      [
        -12.095167960091683,
        -3.938734200013407
      ]
    ],
    "M": [
      [
        1.3796975057955745,
        -2.606634468537985,
        -3.818090299079997,
        8.279125517943317
      ],
      [
        -1.0112533174986638,
        2.9647417287074864,
        3.4414126762458217,
        -6.6985260878531605
      ]
    ],
    "N": [
      [
        -0.43614338021845833,
        0.9614472268498558
      ],
      [
        -1.6661033031405217,
        0.8922732853917381
      ]
    ],
    "Pbar": [
      [
        0.39020689336812253,
        -0.5937335332433719,
        -0.40537040274576186,
        0.7156148170724236,
        1.0,
        0.0,
        0.0,
        0.0
      ],
      [
        -0.5937335332433719,
        1.1261174476268379,
        0.5435902016720902,
        -0.879123623711815,
        0.0,
        1.0,
        0.0,
        0.0
      ],
      [
        -0.40537040274576186,
        0.5435902016720902,
        1.1190842780802865,
        -2.1610048869251446,
        0.0,
        0.0,
        1.0,
        0.0
      ],
      [
        0.7156148170724236,
        -0.879123623711815,
        -2.1610048869251446,
        4.506436746167493,
        0.0,
        0.0,
        0.0,
        1.0
      ],
      [
        1.0,
        0.0,
        0.0,
        0.0,
        449.6253602543937,
        464.1658790418965,
        -27.048593082457877,
        92.82372712995051
      ],
      [
        0.0,
        1.0,
        0.0,
        0.0,
        464.1658790418965,
        517.3181304363553,
        -40.57583624400673,
        34.07848929861503
      ],
      [
        0.0,
        0.0,
        1.0,
        0.0,
        -27.048593082457877,
        -40.57583624400673,
        472.50418425577885,
        408.8997090806124
      ],
      [
        0.0,
        0.0,
        0.0,
        1.0,
        92.82372712995051,
        34.07848929861503,
        408.8997090806124,
        625.1551658004914
      ]
    ],