{
  "meta": {
    "model": "independent",
    "status": "optimal_inaccurate",
    "objective": 0.6469916564254706,
    "gamma": 0.5,
    "lambda_opt": 0.9317777740710249,
    "spectral_radius_Acl": 0.9870208222923476
  },
  "disturbance": {
    "Sigma_nom": [
      [
        0.5,
        0.0
      ],
      [
        0.0,
        0.5
      ]
    ]
  },
  "recovered_controller": {
    "Ac": [
      [
        0.7363225608867647,
        0.3625145069947056,
        -0.26645994195166944,
        -0.012031069930144985
      ],
      [
        0.22100590204424078,
        0.666873932814202,
        0.24995745716651493,
        0.018889883315271513
      ],
      [
        0.02326934240235714,
        0.03686392827684832,
        0.4818946024594429,
        0.12425038655055883
      ],
      [
        -0.00043082492593365354,
        -0.04508142999772867,
        0.31104552601751695,
        0.8639895847298175
      ]
    ],
    "Bc": [
      [
        -1.9081308726624786,
        -3.076017349138642
      ],
      [
        1.6906937855144069,
        2.7265112477336184
      ],
      [
        -0.48864797337774596,
        -0.786434576077349
      ],
      [
        0.5017655064072091,
        0.8077823507319494
      ]
    ],
    "Cc": [
      [
        5.069864674918686,
        1.5167768832807322,
        1.3918110927213,
        -0.4287624785429727
      ],
      [
        -7.650475426443822,
        -1.4504996448290117,
        6.077015478486525,
        0.9992654754423428
      ]
    ],
    "Dc": [
      [
        -0.8884775950755783,
        -1.0855071024237632
      ],
      [
        -1.7818287592160533,
        1.0205880250391437
      ]
    ]
  },
  "plant": {
    "A": [
      [
        0.95,
        0.1,
        0.0,
        0.0
      ],
      [
        0.0,
        0.92,
        0.1,
        0.0
      ],
      [
        0.0,
        0.0,
        0.9,
        0.1
      ],
      [
        0.0,
        0.0,
        0.0,
        0.88
      ]
    ],
    "Bw": [
      [
        -0.14766195556539888,
        -0.18614246994598213
      ],
      [
        0.14695261505555945,
        0.10706610244801822
      ],
      [
        0.03162427469936956,
        -0.2791404134124614
      ],
      [
        -0.008775546738982046,
        0.20859095833748634
      ]
    ],
    "Bu": [
      [
        0.00036904600724477226,
        0.08962366125254097
      ],
      [
        -0.08224135660866527,
        -0.26717755162718226
      ],
      [
        -0.13640123555151676,
        -0.2974939664989387
      ],
      [
        0.018043080779231543,
        0.40206457366636006
      ]
    ],
    "Cz": [
      [
        -0.672107273642541,
        -0.22880788052010909,
        -0.950611369900422,
        -0.644768869892488
      ],
      [
        -0.9208675188958662,
        -0.11754556553734063,
        -0.6337232407218516,
        0.13563217941085076
      ],
      [
        0.07837554331211258,
        -0.09346547231497719,
        -1.2583798554102565,
        -0.2693464479233183
      ]
    ],
    "Dzw": [
      [
        0.21217972467721574,
        -0.1615069350663793
      ],
      [
        -0.00650434098910412,
        0.1768779734766348
      ],
      [
        -0.1167200865486604,
        -0.02234038991683193
      ]
    ],
    "Dzu": [
      [
        -0.009700189080214397,
        0.022661797200661513
      ],
      [
        -0.30602715310107875,
        -0.09555065520678613
      ],
      [
        -0.1957038156113279,
        -0.16176744788511987
      ]
    ],
    "Cy": [
      [
        0.055232071624740295,
        0.03189088712753098,
        -0.6125279132088467,
        0.03807011518850405
      ],
      [
        0.6794117108707688,
        -0.7735723390642412,
        0.4296913440107991,
        0.05967701284829062
      ]
    ],
    "Dyw": [
      [
        -0.12829407882144428,
        0.40008330926848457
      ],
      [
        0.15245194241694238,
        -0.23985778042104466
      ]
    ]
  },
  "dro_variables": {
    "Q": [
      [
        0.1722712260994865,
        0.04135325307022217
      ],
      [
        0.04135325307022217,
        0.6332597586292528
      ]
    ],
    "X": [
      [
        28.36629727875803,
        26.99387124110783,
        8.912103653186122,
        10.670493316873706
      ],
      [
        26.99387124110783,
        28.60883667614761,
        7.499432587779584,
        9.861275604701204
      ],
      [
        8.912103653186122,
        7.499432587779584,
        11.45649833238381,
        8.274184965516598
      ],
      [
        10.670493316873706,
        9.861275604701204,
        8.274184965516598,
        10.355103423812116
      ]
    ],
    "Y": [
      [
        0.6501825834413527,
        -1.0494186427330054,
        -0.20190409337093548,
        0.1560265494232918
      ],
      [
        -1.0494186427330054,
        2.4797958727190923,
        0.1792185156247562,
        -0.014663041178973603
      ],
      [
        -0.20190409337093548,
        0.1792185156247562,
        1.4284713529464967,
        -2.8223830971396424
      ],
      [
        0.1560265494232918,
        -0.014663041178973603,
        -2.8223830971396424,
        6.268662294214138
      ]
    ],
    "K": [
      [
        0.5935723692739084,
        0.645645094682692,
        0.48453100825759815,
        -1.233324627686924
      ],
      [
        -0.10378059912902333,
        1.0339852681779205,
        -0.038581935121754715,
        -0.01579705372468117
      ],
      [
        0.2548130057779615,
        -0.7601552144642768,
        0.9156236552413546,
        -0.7554452516082
      ],
      [
        0.05996339627791384,
        -0.20664359627283113,
        0.1597157617409534,
        0.30487313080037864
      ]
    ],
    "L": [
      [
        5.115142605547674,
        0.8954989830467698
      ],
      [
        5.194337624752681,
        0.8922118615001051
      ],
      [
        3.785847174045183,
        0.4874755078462056
      ],
      [
        1.8337187061905305,
        0.3517869472950008
      ]
    ],
    "M": [
      [
        0.32272701680142646,
        -0.8475471958938067,
        -4.25281498963565,
        9.332345964763546
      ],
      [
        -0.8070629777611713,
        2.5107532786835645,
        2.8150470140432544,
        -5.132678996743366
      ]
    ],
    "N": [
      [
        -0.8884790249733042,
        -1.0855112872166486
      ],
      [
        -1.7818307767120616,
        1.0205896604244267
      ]
    ],
    "Pbar": [
      [
        0.6501825834413527,
        -1.0494186427330054,
        -0.20190409337093548,
        0.1560265494232918,
        1.0,
        0.0,
        0.0,
        0.0
      ],
      [
        -1.0494186427330054,
        2.4797958727190923,
        0.1792185156247562,
        -0.014663041178973603,
        0.0,
        1.0,
        0.0,
        0.0
      ],
      [
        -0.20190409337093548,
        0.1792185156247562,
        1.4284713529464967,
        -2.8223830971396424,
        0.0,
        0.0,
        1.0,
        0.0
      ],
      [
        0.1560265494232918,
        -0.014663041178973603,
        -2.8223830971396424,
        6.268662294214138,
        0.0,
        0.0,
        0.0,
        1.0
      ],
      [
        1.0,
        0.0,
        0.0,
        0.0,
        28.36629727875803,
        26.99387124110783,
        8.912103653186122,
        10.670493316873706
      ],
      [
        0.0,
        1.0,
        0.0,
        0.0,
        26.99387124110783,
        28.60883667614761,
        7.499432587779584,
        9.861275604701204
      ],
      [
        0.0,
        0.0,
        1.0,
        0.0,
        8.912103653186122,
        7.499432587779584,
        11.45649833238381,
        8.274184965516598
      ],
      [
        0.0,
        0.0,
        0.0,
        1.0,
        10.670493316873706,
        9.861275604701204,
        8.274184965516598,
        10.355103423812116
      ]
    ],