{
  "Sigma_eff": [
    [
      0.7,
      0.0
    ],
    [
      0.0,
      0.7
    ]
  ],
  "baseline_cost": 0.9779294172466104,
  "optimizer_status": "CONVERGENCE: RELATIVE REDUCTION OF F <= FACTR*EPSMCH",
  "optimized_cost": 0.41706976238977644,
  "spectral_radius_Acl": 0.9885841808059902,
  "controller": {
    "Ac": [
      [
        0.344891569305605,
        -0.4085292170636858,
        0.0,
        0.0
      ],
      [
        -0.4278723580082547,
        0.48032893897819506,
        0.0,
        0.0
      ],
      [
        0.0,
        0.0,
        0.0,
        0.0
      ],
      [
        0.0,
        0.0,
        0.0,
        0.0
      ]
    ],
    "Bc": [
      [
        0.2538260724995284,
        -0.24172637600962726
      ],
      [
        -0.2801594288980741,
        0.3521569132043953
      ],
      [
        0.0,
        0.0
      ],
      [
        0.0,
        0.0
      ]
    ],
    "Cc": [
      [
        0.1092740258396154,
        -0.06144281939874221,
        0.0,
        0.0
      ],
      [
        0.11286282723837901,
        -0.05525590467087019,
        0.0,
        0.0
      ]
    ],
    "Dc": [
      [
        -1.0165922271343955,
        0.14598501405446287
      ],
      [
        -1.0122602564103564,
        0.16277931656108002
      ]
    ]
  },
  "plant": {
    "A": [
      [
        0.95,
        0.1,
        0.0,
        0.0
      ],
      [
        0.0,
        0.92,
        0.1,
        0.0
      ],
      [
        0.0,
        0.0,
        0.9,
        0.1
      ],
      [
        0.0,
        0.0,
        0.0,
        0.88
      ]
    ],
    "Bw": [
      [
        -0.14766195556539888,
        -0.18614246994598213
      ],
      [
        0.14695261505555945,
        0.10706610244801822
      ],
      [
        0.03162427469936956,
        -0.2791404134124614
      ],
      [
        -0.008775546738982046,
        0.20859095833748634
      ]
    ],
    "Bu": [
      [
        0.00036904600724477226,
        0.08962366125254097
      ],
      [
        -0.08224135660866527,
        -0.26717755162718226
      ],
      [
        -0.13640123555151676,
        -0.2974939664989387
      ],
      [
        0.018043080779231543,
        0.40206457366636006
      ]
    ],
    "Cz": [
      [
        -0.672107273642541,
        -0.22880788052010909,
        -0.950611369900422,
        -0.644768869892488
      ],
      [
        -0.9208675188958662,
        -0.11754556553734063,
        -0.6337232407218516,
        0.13563217941085076
      ],
      [
        0.07837554331211258,
        -0.09346547231497719,
        -1.2583798554102565,
        -0.2693464479233183
      ]
    ],
    "Dzw": [
      [
        0.21217972467721574,
        -0.1615069350663793
      ],
      [
        -0.00650434098910412,
        0.1768779734766348
      ],
      [
        -0.1167200865486604,
        -0.02234038991683193
      ]
    ],
    "Dzu": [
      [
        -0.009700189080214397,
        0.022661797200661513
      ],
      [
        -0.30602715310107875,
        -0.09555065520678613
      ],
      [
        -0.1957038156113279,
        -0.16176744788511987
      ]
    ],
    "Cy": [
      [
        0.055232071624740295,
        0.03189088712753098,
        -0.6125279132088467,
        0.03807011518850405
      ],
      [
        0.6794117108707688,
        -0.7735723390642412,
        0.4296913440107991,
        0.05967701284829062
      ]
    ],
    "Dyw": [
      [
        -0.12829407882144428,
        0.40008330926848457
      ],
      [
        0.15245194241694238,
        -0.23985778042104466
      ]
    ]
  }
}